DATE_KEY,BENCHMARK_KEY,SECURITY_KEY,WEIGHT,DATETIME_INSERTED,LATEST_FLAG
20230930,1,2,7.1938600000,2023-10-06 07:40:00.000000000,true
20230930,1,3,6.6310370000,2023-10-06 07:40:00.000000000,true
20230930,1,4,3.2266190000,2023-10-06 07:40:00.000000000,true
20230930,1,11,3.0439010000,2023-10-06 07:40:00.000000000,true
20230930,1,12,2.2452100000,2023-10-06 07:40:00.000000000,true
20230930,1,1,2.0182330000,2023-10-06 07:40:00.000000000,true
20230930,1,13,1.9247010000,2023-10-06 07:40:00.000000000,true
20230930,1,8,1.9007410000,2023-10-06 07:40:00.000000000,true
20230930,1,14,1.7541100000,2023-10-06 07:40:00.000000000,true
20230930,1,15,1.3237290000,2023-10-06 07:40:00.000000000,true
20230930,1,5,1.2491810000,2023-10-06 07:40:00.000000000,true
20230930,1,16,1.1860170000,2023-10-06 07:40:00.000000000,true
20230930,1,9,1.1573340000,2023-10-06 07:40:00.000000000,true
20230930,1,6,1.0480570000,2023-10-06 07:40:00.000000000,true
20230930,1,10,1.0397350000,2023-10-06 07:40:00.000000000,true
20230930,1,17,0.9629830000,2023-10-06 07:40:00.000000000,true
20230930,1,18,0.9514370000,2023-10-06 07:40:00.000000000,true
20230930,1,19,0.9155490000,2023-10-06 07:40:00.000000000,true
20230930,1,20,0.8226970000,2023-10-06 07:40:00.000000000,true
20230930,1,21,0.8095720000,2023-10-06 07:40:00.000000000,true
20230930,1,22,0.7295350000,2023-10-06 07:40:00.000000000,true
20230930,1,23,0.7255570000,2023-10-06 07:40:00.000000000,true
20230930,1,24,0.7091290000,2023-10-06 07:40:00.000000000,true
20230930,1,25,0.6612990000,2023-10-06 07:40:00.000000000,true
20230930,1,26,0.6507240000,2023-10-06 07:40:00.000000000,true
20230930,1,7,0.6430560000,2023-10-06 07:40:00.000000000,true
20230930,1,27,0.6095680000,2023-10-06 07:40:00.000000000,true
20230930,1,28,0.5994950000,2023-10-06 07:40:00.000000000,true
20230930,1,29,0.5502630000,2023-10-06 07:40:00.000000000,true
20230930,1,30,0.5461810000,2023-10-06 07:40:00.000000000,true
20230930,1,31,0.5426890000,2023-10-06 07:40:00.000000000,true
20230930,1,32,0.5263240000,2023-10-06 07:40:00.000000000,true
20230930,1,33,0.5217220000,2023-10-06 07:40:00.000000000,true
20230930,1,34,0.5170120000,2023-10-06 07:40:00.000000000,true
20230930,1,35,0.5018820000,2023-10-06 07:40:00.000000000,true
20230930,1,36,0.5006990000,2023-10-06 07:40:00.000000000,true
20230930,1,37,0.4717690000,2023-10-06 07:40:00.000000000,true
20230930,1,38,0.4706240000,2023-10-06 07:40:00.000000000,true
20230930,1,39,0.4674180000,2023-10-06 07:40:00.000000000,true
20230930,1,40,0.4645420000,2023-10-06 07:40:00.000000000,true
20230930,1,41,0.4208490000,2023-10-06 07:40:00.000000000,true
20230930,1,42,0.4064060000,2023-10-06 07:40:00.000000000,true
20230930,1,43,0.4048530000,2023-10-06 07:40:00.000000000,true
20230930,1,44,0.4014170000,2023-10-06 07:40:00.000000000,true
20230930,1,45,0.3990330000,2023-10-06 07:40:00.000000000,true
20230930,1,46,0.3975260000,2023-10-06 07:40:00.000000000,true
20230930,1,47,0.3973700000,2023-10-06 07:40:00.000000000,true
20230930,1,48,0.3967130000,2023-10-06 07:40:00.000000000,true
20230930,1,49,0.3798030000,2023-10-06 07:40:00.000000000,true
20230930,1,50,0.3783750000,2023-10-06 07:40:00.000000000,true
20230930,1,51,0.3710820000,2023-10-06 07:40:00.000000000,true
20230930,1,52,0.3597330000,2023-10-06 07:40:00.000000000,true
20230930,1,53,0.3449910000,2023-10-06 07:40:00.000000000,true
20230930,1,54,0.3430380000,2023-10-06 07:40:00.000000000,true
20230930,1,55,0.3391160000,2023-10-06 07:40:00.000000000,true
20230930,1,56,0.3315490000,2023-10-06 07:40:00.000000000,true
20230930,1,57,0.3299060000,2023-10-06 07:40:00.000000000,true
20230930,1,58,0.3287570000,2023-10-06 07:40:00.000000000,true
20230930,1,59,0.3283430000,2023-10-06 07:40:00.000000000,true
20230930,1,60,0.3273710000,2023-10-06 07:40:00.000000000,true
20230930,1,61,0.3273080000,2023-10-06 07:40:00.000000000,true
20230930,1,62,0.3132130000,2023-10-06 07:40:00.000000000,true
20230930,1,63,0.3111530000,2023-10-06 07:40:00.000000000,true
20230930,1,64,0.3042570000,2023-10-06 07:40:00.000000000,true
20230930,1,65,0.2965250000,2023-10-06 07:40:00.000000000,true
20230930,1,66,0.2928830000,2023-10-06 07:40:00.000000000,true
20230930,1,67,0.2921830000,2023-10-06 07:40:00.000000000,true
20230930,1,68,0.2888150000,2023-10-06 07:40:00.000000000,true
20230930,1,69,0.2876870000,2023-10-06 07:40:00.000000000,true
20230930,1,70,0.2866890000,2023-10-06 07:40:00.000000000,true
20230930,1,71,0.2856270000,2023-10-06 07:40:00.000000000,true
20230930,1,72,0.2852860000,2023-10-06 07:40:00.000000000,true
20230930,1,73,0.2847190000,2023-10-06 07:40:00.000000000,true
20230930,1,74,0.2840920000,2023-10-06 07:40:00.000000000,true
20230930,1,75,0.2831580000,2023-10-06 07:40:00.000000000,true
20230930,1,76,0.2823990000,2023-10-06 07:40:00.000000000,true
20230930,1,77,0.2813090000,2023-10-06 07:40:00.000000000,true
20230930,1,78,0.2802550000,2023-10-06 07:40:00.000000000,true
20230930,1,79,0.2632230000,2023-10-06 07:40:00.000000000,true
20230930,1,80,0.2614860000,2023-10-06 07:40:00.000000000,true
20230930,1,81,0.2606280000,2023-10-06 07:40:00.000000000,true
20230930,1,82,0.2544950000,2023-10-06 07:40:00.000000000,true
20230930,1,83,0.2517510000,2023-10-06 07:40:00.000000000,true
20230930,1,84,0.2517330000,2023-10-06 07:40:00.000000000,true
20230930,1,85,0.2499970000,2023-10-06 07:40:00.000000000,true
20230930,1,86,0.2479560000,2023-10-06 07:40:00.000000000,true
20230930,1,87,0.2438740000,2023-10-06 07:40:00.000000000,true
20230930,1,88,0.2434440000,2023-10-06 07:40:00.000000000,true
20230930,1,89,0.2387130000,2023-10-06 07:40:00.000000000,true
20230930,1,90,0.2377710000,2023-10-06 07:40:00.000000000,true
20230930,1,91,0.2361400000,2023-10-06 07:40:00.000000000,true
20230930,1,92,0.2359030000,2023-10-06 07:40:00.000000000,true
20230930,1,93,0.2335030000,2023-10-06 07:40:00.000000000,true
20230930,1,94,0.2329050000,2023-10-06 07:40:00.000000000,true
20230930,1,95,0.2220200000,2023-10-06 07:40:00.000000000,true
20230930,1,96,0.2202800000,2023-10-06 07:40:00.000000000,true
20230930,1,97,0.2145480000,2023-10-06 07:40:00.000000000,true
20230930,1,98,0.2139420000,2023-10-06 07:40:00.000000000,true
20230930,1,99,0.2112400000,2023-10-06 07:40:00.000000000,true
20230930,1,100,0.2108620000,2023-10-06 07:40:00.000000000,true
20230930,1,101,0.2084440000,2023-10-06 07:40:00.000000000,true
20230930,1,102,0.2070530000,2023-10-06 07:40:00.000000000,true
20230930,1,103,0.2068510000,2023-10-06 07:40:00.000000000,true
20230930,1,104,0.2055830000,2023-10-06 07:40:00.000000000,true
20230930,1,105,0.2047300000,2023-10-06 07:40:00.000000000,true
20230930,1,106,0.2023850000,2023-10-06 07:40:00.000000000,true
20230930,1,107,0.2000050000,2023-10-06 07:40:00.000000000,true
20230930,1,108,0.1969860000,2023-10-06 07:40:00.000000000,true
20230930,1,109,0.1964370000,2023-10-06 07:40:00.000000000,true
20230930,1,110,0.1944970000,2023-10-06 07:40:00.000000000,true
20230930,1,111,0.1927320000,2023-10-06 07:40:00.000000000,true
20230930,1,112,0.1874770000,2023-10-06 07:40:00.000000000,true
20230930,1,113,0.1872560000,2023-10-06 07:40:00.000000000,true
20230930,1,114,0.1857110000,2023-10-06 07:40:00.000000000,true
20230930,1,115,0.1845010000,2023-10-06 07:40:00.000000000,true
20230930,1,116,0.1799840000,2023-10-06 07:40:00.000000000,true
20230930,1,117,0.1787940000,2023-10-06 07:40:00.000000000,true
20230930,1,118,0.1787260000,2023-10-06 07:40:00.000000000,true
20230930,1,119,0.1769490000,2023-10-06 07:40:00.000000000,true
20230930,1,120,0.1764030000,2023-10-06 07:40:00.000000000,true
20230930,1,121,0.1746140000,2023-10-06 07:40:00.000000000,true
20230930,1,122,0.1732230000,2023-10-06 07:40:00.000000000,true
20230930,1,123,0.1696230000,2023-10-06 07:40:00.000000000,true
20230930,1,124,0.1684620000,2023-10-06 07:40:00.000000000,true
20230930,1,125,0.1684070000,2023-10-06 07:40:00.000000000,true
20230930,1,126,0.1680890000,2023-10-06 07:40:00.000000000,true
20230930,1,127,0.1668780000,2023-10-06 07:40:00.000000000,true
20230930,1,128,0.1632450000,2023-10-06 07:40:00.000000000,true
20230930,1,129,0.1588210000,2023-10-06 07:40:00.000000000,true
20230930,1,130,0.1587790000,2023-10-06 07:40:00.000000000,true
20230930,1,131,0.1520240000,2023-10-06 07:40:00.000000000,true
20230930,1,132,0.1516890000,2023-10-06 07:40:00.000000000,true
20230930,1,133,0.1516740000,2023-10-06 07:40:00.000000000,true
20230930,1,134,0.1447470000,2023-10-06 07:40:00.000000000,true
20230930,1,135,0.1437530000,2023-10-06 07:40:00.000000000,true
20230930,1,136,0.1434250000,2023-10-06 07:40:00.000000000,true
20230930,1,137,0.1429860000,2023-10-06 07:40:00.000000000,true
20230930,1,138,0.1404970000,2023-10-06 07:40:00.000000000,true
20230930,1,139,0.1388840000,2023-10-06 07:40:00.000000000,true
20230930,1,140,0.1384610000,2023-10-06 07:40:00.000000000,true
20230930,1,141,0.1383450000,2023-10-06 07:40:00.000000000,true
20230930,1,142,0.1379020000,2023-10-06 07:40:00.000000000,true
20230930,1,143,0.1376910000,2023-10-06 07:40:00.000000000,true
20230930,1,144,0.1376130000,2023-10-06 07:40:00.000000000,true
20230930,1,145,0.1374070000,2023-10-06 07:40:00.000000000,true
20230930,1,146,0.1370830000,2023-10-06 07:40:00.000000000,true
20230930,1,147,0.1365890000,2023-10-06 07:40:00.000000000,true
20230930,1,148,0.1362280000,2023-10-06 07:40:00.000000000,true
20230930,1,149,0.1361260000,2023-10-06 07:40:00.000000000,true
20230930,1,150,0.1338600000,2023-10-06 07:40:00.000000000,true
20230930,1,151,0.1321080000,2023-10-06 07:40:00.000000000,true
20230930,1,152,0.1305510000,2023-10-06 07:40:00.000000000,true
20230930,1,153,0.1282600000,2023-10-06 07:40:00.000000000,true
20230930,1,154,0.1281650000,2023-10-06 07:40:00.000000000,true
20230930,1,155,0.1280910000,2023-10-06 07:40:00.000000000,true
20230930,1,156,0.1271610000,2023-10-06 07:40:00.000000000,true
20230930,1,157,0.1269190000,2023-10-06 07:40:00.000000000,true
20230930,1,158,0.1269040000,2023-10-06 07:40:00.000000000,true
20230930,1,159,0.1266100000,2023-10-06 07:40:00.000000000,true
20230930,1,160,0.1238480000,2023-10-06 07:40:00.000000000,true
20230930,1,161,0.1233310000,2023-10-06 07:40:00.000000000,true
20230930,1,162,0.1225910000,2023-10-06 07:40:00.000000000,true
20230930,1,163,0.1213250000,2023-10-06 07:40:00.000000000,true
20230930,1,164,0.1204170000,2023-10-06 07:40:00.000000000,true
20230930,1,165,0.1195230000,2023-10-06 07:40:00.000000000,true
20230930,1,166,0.1185300000,2023-10-06 07:40:00.000000000,true
20230930,1,167,0.1184760000,2023-10-06 07:40:00.000000000,true
20230930,1,168,0.1182640000,2023-10-06 07:40:00.000000000,true
20230930,1,169,0.1171990000,2023-10-06 07:40:00.000000000,true
20230930,1,170,0.1170480000,2023-10-06 07:40:00.000000000,true
20230930,1,171,0.1150860000,2023-10-06 07:40:00.000000000,true
20230930,1,172,0.1148490000,2023-10-06 07:40:00.000000000,true
20230930,1,173,0.1145610000,2023-10-06 07:40:00.000000000,true
20230930,1,174,0.1125720000,2023-10-06 07:40:00.000000000,true
20230930,1,175,0.1119700000,2023-10-06 07:40:00.000000000,true
20230930,1,176,0.1114870000,2023-10-06 07:40:00.000000000,true
20230930,1,177,0.1110160000,2023-10-06 07:40:00.000000000,true
20230930,1,178,0.1107940000,2023-10-06 07:40:00.000000000,true
20230930,1,179,0.1105090000,2023-10-06 07:40:00.000000000,true
20230930,1,180,0.1102310000,2023-10-06 07:40:00.000000000,true
20230930,1,181,0.1092380000,2023-10-06 07:40:00.000000000,true
20230930,1,182,0.1089200000,2023-10-06 07:40:00.000000000,true
20230930,1,183,0.1087780000,2023-10-06 07:40:00.000000000,true
20230930,1,184,0.1084300000,2023-10-06 07:40:00.000000000,true
20230930,1,185,0.1082370000,2023-10-06 07:40:00.000000000,true
20230930,1,186,0.1067780000,2023-10-06 07:40:00.000000000,true
20230930,1,187,0.1063480000,2023-10-06 07:40:00.000000000,true
20230930,1,188,0.1060780000,2023-10-06 07:40:00.000000000,true
20230930,1,189,0.1057700000,2023-10-06 07:40:00.000000000,true
20230930,1,190,0.1054500000,2023-10-06 07:40:00.000000000,true
20230930,1,191,0.1045320000,2023-10-06 07:40:00.000000000,true
20230930,1,192,0.1042680000,2023-10-06 07:40:00.000000000,true
20230930,1,193,0.1041170000,2023-10-06 07:40:00.000000000,true
20230930,1,194,0.1040080000,2023-10-06 07:40:00.000000000,true
20230930,1,195,0.1035450000,2023-10-06 07:40:00.000000000,true
20230930,1,196,0.1033390000,2023-10-06 07:40:00.000000000,true
20230930,1,197,0.1010930000,2023-10-06 07:40:00.000000000,true
20230930,1,198,0.1009400000,2023-10-06 07:40:00.000000000,true
20230930,1,199,0.1007070000,2023-10-06 07:40:00.000000000,true
20230930,1,200,0.1006710000,2023-10-06 07:40:00.000000000,true
20230930,1,201,0.1006570000,2023-10-06 07:40:00.000000000,true
20230930,1,202,0.1002110000,2023-10-06 07:40:00.000000000,true
20230930,1,203,0.0999470000,2023-10-06 07:40:00.000000000,true
20230930,1,204,0.0995940000,2023-10-06 07:40:00.000000000,true
20230930,1,205,0.0993090000,2023-10-06 07:40:00.000000000,true
20230930,1,206,0.0988450000,2023-10-06 07:40:00.000000000,true
20230930,1,207,0.0983260000,2023-10-06 07:40:00.000000000,true
20230930,1,208,0.0980860000,2023-10-06 07:40:00.000000000,true
20230930,1,209,0.0975540000,2023-10-06 07:40:00.000000000,true
20230930,1,210,0.0968740000,2023-10-06 07:40:00.000000000,true
20230930,1,211,0.0966990000,2023-10-06 07:40:00.000000000,true
20230930,1,212,0.0964560000,2023-10-06 07:40:00.000000000,true
20230930,1,213,0.0962360000,2023-10-06 07:40:00.000000000,true
20230930,1,214,0.0957710000,2023-10-06 07:40:00.000000000,true
20230930,1,215,0.0955430000,2023-10-06 07:40:00.000000000,true
20230930,1,216,0.0954610000,2023-10-06 07:40:00.000000000,true
20230930,1,217,0.0952190000,2023-10-06 07:40:00.000000000,true
20230930,1,218,0.0948570000,2023-10-06 07:40:00.000000000,true
20230930,1,219,0.0946710000,2023-10-06 07:40:00.000000000,true
20230930,1,220,0.0929270000,2023-10-06 07:40:00.000000000,true
20230930,1,221,0.0926400000,2023-10-06 07:40:00.000000000,true
20230930,1,222,0.0925960000,2023-10-06 07:40:00.000000000,true
20230930,1,223,0.0925620000,2023-10-06 07:40:00.000000000,true
20230930,1,224,0.0925170000,2023-10-06 07:40:00.000000000,true
20230930,1,225,0.0922540000,2023-10-06 07:40:00.000000000,true
20230930,1,226,0.0913670000,2023-10-06 07:40:00.000000000,true
20230930,1,227,0.0911760000,2023-10-06 07:40:00.000000000,true
20230930,1,228,0.0902240000,2023-10-06 07:40:00.000000000,true
20230930,1,229,0.0902200000,2023-10-06 07:40:00.000000000,true
20230930,1,230,0.0898820000,2023-10-06 07:40:00.000000000,true
20230930,1,231,0.0892500000,2023-10-06 07:40:00.000000000,true
20230930,1,232,0.0889330000,2023-10-06 07:40:00.000000000,true
20230930,1,233,0.0888410000,2023-10-06 07:40:00.000000000,true
20230930,1,234,0.0880900000,2023-10-06 07:40:00.000000000,true
20230930,1,235,0.0873780000,2023-10-06 07:40:00.000000000,true
20230930,1,236,0.0870410000,2023-10-06 07:40:00.000000000,true
20230930,1,237,0.0870150000,2023-10-06 07:40:00.000000000,true
20230930,1,238,0.0869640000,2023-10-06 07:40:00.000000000,true
20230930,1,239,0.0867770000,2023-10-06 07:40:00.000000000,true
20230930,1,240,0.0866850000,2023-10-06 07:40:00.000000000,true
20230930,1,241,0.0852210000,2023-10-06 07:40:00.000000000,true
20230930,1,242,0.0834240000,2023-10-06 07:40:00.000000000,true
20230930,1,243,0.0833390000,2023-10-06 07:40:00.000000000,true
20230930,1,244,0.0832930000,2023-10-06 07:40:00.000000000,true
20230930,1,245,0.0821790000,2023-10-06 07:40:00.000000000,true
20230930,1,246,0.0820580000,2023-10-06 07:40:00.000000000,true
20230930,1,247,0.0820120000,2023-10-06 07:40:00.000000000,true
20230930,1,248,0.0815830000,2023-10-06 07:40:00.000000000,true
20230930,1,249,0.0812780000,2023-10-06 07:40:00.000000000,true
20230930,1,250,0.0810590000,2023-10-06 07:40:00.000000000,true
20230930,1,251,0.0798130000,2023-10-06 07:40:00.000000000,true
20230930,1,252,0.0788730000,2023-10-06 07:40:00.000000000,true
20230930,1,253,0.0784210000,2023-10-06 07:40:00.000000000,true
20230930,1,254,0.0777170000,2023-10-06 07:40:00.000000000,true
20230930,1,255,0.0772480000,2023-10-06 07:40:00.000000000,true
20230930,1,256,0.0770670000,2023-10-06 07:40:00.000000000,true
20230930,1,257,0.0770110000,2023-10-06 07:40:00.000000000,true
20230930,1,258,0.0766680000,2023-10-06 07:40:00.000000000,true
20230930,1,259,0.0763490000,2023-10-06 07:40:00.000000000,true
20230930,1,260,0.0763100000,2023-10-06 07:40:00.000000000,true
20230930,1,261,0.0744710000,2023-10-06 07:40:00.000000000,true
20230930,1,262,0.0739680000,2023-10-06 07:40:00.000000000,true
20230930,1,263,0.0728350000,2023-10-06 07:40:00.000000000,true
20230930,1,264,0.0728160000,2023-10-06 07:40:00.000000000,true
20230930,1,265,0.0724660000,2023-10-06 07:40:00.000000000,true
20230930,1,266,0.0718410000,2023-10-06 07:40:00.000000000,true
20230930,1,267,0.0706450000,2023-10-06 07:40:00.000000000,true
20230930,1,268,0.0699810000,2023-10-06 07:40:00.000000000,true
20230930,1,269,0.0697900000,2023-10-06 07:40:00.000000000,true
20230930,1,270,0.0689780000,2023-10-06 07:40:00.000000000,true
20230930,1,271,0.0668220000,2023-10-06 07:40:00.000000000,true
20230930,1,272,0.0663980000,2023-10-06 07:40:00.000000000,true
20230930,1,273,0.0659310000,2023-10-06 07:40:00.000000000,true
20230930,1,274,0.0658480000,2023-10-06 07:40:00.000000000,true
20230930,1,275,0.0654770000,2023-10-06 07:40:00.000000000,true
20230930,1,276,0.0650680000,2023-10-06 07:40:00.000000000,true
20230930,1,277,0.0648530000,2023-10-06 07:40:00.000000000,true
20230930,1,278,0.0645980000,2023-10-06 07:40:00.000000000,true
20230930,1,279,0.0642010000,2023-10-06 07:40:00.000000000,true
20230930,1,280,0.0641400000,2023-10-06 07:40:00.000000000,true
20230930,1,281,0.0640610000,2023-10-06 07:40:00.000000000,true
20230930,1,282,0.0639500000,2023-10-06 07:40:00.000000000,true
20230930,1,283,0.0637760000,2023-10-06 07:40:00.000000000,true
20230930,1,284,0.0633480000,2023-10-06 07:40:00.000000000,true
20230930,1,285,0.0631230000,2023-10-06 07:40:00.000000000,true
20230930,1,286,0.0629600000,2023-10-06 07:40:00.000000000,true
20230930,1,287,0.0627340000,2023-10-06 07:40:00.000000000,true
20230930,1,288,0.0617180000,2023-10-06 07:40:00.000000000,true
20230930,1,289,0.0617130000,2023-10-06 07:40:00.000000000,true
20230930,1,290,0.0617090000,2023-10-06 07:40:00.000000000,true
20230930,1,291,0.0614320000,2023-10-06 07:40:00.000000000,true
20230930,1,292,0.0614230000,2023-10-06 07:40:00.000000000,true
20230930,1,293,0.0611890000,2023-10-06 07:40:00.000000000,true
20230930,1,294,0.0611670000,2023-10-06 07:40:00.000000000,true
20230930,1,295,0.0611160000,2023-10-06 07:40:00.000000000,true
20230930,1,296,0.0611030000,2023-10-06 07:40:00.000000000,true
20230930,1,297,0.0610880000,2023-10-06 07:40:00.000000000,true
20230930,1,298,0.0609320000,2023-10-06 07:40:00.000000000,true
20230930,1,299,0.0609260000,2023-10-06 07:40:00.000000000,true
20230930,1,300,0.0607310000,2023-10-06 07:40:00.000000000,true
20230930,1,301,0.0600490000,2023-10-06 07:40:00.000000000,true
20230930,1,302,0.0598870000,2023-10-06 07:40:00.000000000,true
20230930,1,303,0.0591260000,2023-10-06 07:40:00.000000000,true
20230930,1,304,0.0589390000,2023-10-06 07:40:00.000000000,true
20230930,1,305,0.0582480000,2023-10-06 07:40:00.000000000,true
20230930,1,306,0.0577630000,2023-10-06 07:40:00.000000000,true
20230930,1,307,0.0574800000,2023-10-06 07:40:00.000000000,true
20230930,1,308,0.0569870000,2023-10-06 07:40:00.000000000,true
20230930,1,309,0.0562050000,2023-10-06 07:40:00.000000000,true
20230930,1,310,0.0562030000,2023-10-06 07:40:00.000000000,true
20230930,1,311,0.0554600000,2023-10-06 07:40:00.000000000,true
20230930,1,312,0.0551850000,2023-10-06 07:40:00.000000000,true
20230930,1,313,0.0549380000,2023-10-06 07:40:00.000000000,true
20230930,1,314,0.0548160000,2023-10-06 07:40:00.000000000,true
20230930,1,315,0.0542780000,2023-10-06 07:40:00.000000000,true
20230930,1,316,0.0541850000,2023-10-06 07:40:00.000000000,true
20230930,1,317,0.0540440000,2023-10-06 07:40:00.000000000,true
20230930,1,318,0.0532340000,2023-10-06 07:40:00.000000000,true
20230930,1,319,0.0527520000,2023-10-06 07:40:00.000000000,true
20230930,1,320,0.0527220000,2023-10-06 07:40:00.000000000,true
20230930,1,321,0.0526340000,2023-10-06 07:40:00.000000000,true
20230930,1,322,0.0523160000,2023-10-06 07:40:00.000000000,true
20230930,1,323,0.0519610000,2023-10-06 07:40:00.000000000,true
20230930,1,324,0.0519080000,2023-10-06 07:40:00.000000000,true
20230930,1,325,0.0513460000,2023-10-06 07:40:00.000000000,true
20230930,1,326,0.0512290000,2023-10-06 07:40:00.000000000,true
20230930,1,327,0.0510630000,2023-10-06 07:40:00.000000000,true
20230930,1,328,0.0501060000,2023-10-06 07:40:00.000000000,true
20230930,1,329,0.0499420000,2023-10-06 07:40:00.000000000,true
20230930,1,330,0.0495970000,2023-10-06 07:40:00.000000000,true
20230930,1,331,0.0485100000,2023-10-06 07:40:00.000000000,true
20230930,1,332,0.0480050000,2023-10-06 07:40:00.000000000,true
20230930,1,333,0.0480020000,2023-10-06 07:40:00.000000000,true
20230930,1,334,0.0477670000,2023-10-06 07:40:00.000000000,true
20230930,1,335,0.0477390000,2023-10-06 07:40:00.000000000,true
20230930,1,336,0.0476950000,2023-10-06 07:40:00.000000000,true
20230930,1,337,0.0475650000,2023-10-06 07:40:00.000000000,true
20230930,1,338,0.0474170000,2023-10-06 07:40:00.000000000,true
20230930,1,339,0.0471560000,2023-10-06 07:40:00.000000000,true
20230930,1,340,0.0470360000,2023-10-06 07:40:00.000000000,true
20230930,1,341,0.0470160000,2023-10-06 07:40:00.000000000,true
20230930,1,342,0.0468600000,2023-10-06 07:40:00.000000000,true
20230930,1,343,0.0467060000,2023-10-06 07:40:00.000000000,true
20230930,1,344,0.0464400000,2023-10-06 07:40:00.000000000,true
20230930,1,345,0.0464360000,2023-10-06 07:40:00.000000000,true
20230930,1,346,0.0464000000,2023-10-06 07:40:00.000000000,true
20230930,1,347,0.0463950000,2023-10-06 07:40:00.000000000,true
20230930,1,348,0.0461500000,2023-10-06 07:40:00.000000000,true
20230930,1,349,0.0457710000,2023-10-06 07:40:00.000000000,true
20230930,1,350,0.0456780000,2023-10-06 07:40:00.000000000,true
20230930,1,351,0.0455580000,2023-10-06 07:40:00.000000000,true
20230930,1,352,0.0455080000,2023-10-06 07:40:00.000000000,true
20230930,1,353,0.0454070000,2023-10-06 07:40:00.000000000,true
20230930,1,354,0.0452280000,2023-10-06 07:40:00.000000000,true
20230930,1,355,0.0448430000,2023-10-06 07:40:00.000000000,true
20230930,1,356,0.0448150000,2023-10-06 07:40:00.000000000,true
20230930,1,357,0.0448000000,2023-10-06 07:40:00.000000000,true
20230930,1,358,0.0446670000,2023-10-06 07:40:00.000000000,true
20230930,1,359,0.0444370000,2023-10-06 07:40:00.000000000,true
20230930,1,360,0.0442900000,2023-10-06 07:40:00.000000000,true
20230930,1,361,0.0442840000,2023-10-06 07:40:00.000000000,true
20230930,1,362,0.0442820000,2023-10-06 07:40:00.000000000,true
20230930,1,363,0.0441680000,2023-10-06 07:40:00.000000000,true
20230930,1,364,0.0441480000,2023-10-06 07:40:00.000000000,true
20230930,1,365,0.0440130000,2023-10-06 07:40:00.000000000,true
20230930,1,366,0.0437890000,2023-10-06 07:40:00.000000000,true
20230930,1,367,0.0436400000,2023-10-06 07:40:00.000000000,true
20230930,1,368,0.0435720000,2023-10-06 07:40:00.000000000,true
20230930,1,369,0.0432200000,2023-10-06 07:40:00.000000000,true
20230930,1,370,0.0432090000,2023-10-06 07:40:00.000000000,true
20230930,1,371,0.0431330000,2023-10-06 07:40:00.000000000,true
20230930,1,372,0.0428060000,2023-10-06 07:40:00.000000000,true
20230930,1,373,0.0427030000,2023-10-06 07:40:00.000000000,true
20230930,1,374,0.0426390000,2023-10-06 07:40:00.000000000,true
20230930,1,375,0.0425490000,2023-10-06 07:40:00.000000000,true
20230930,1,376,0.0421900000,2023-10-06 07:40:00.000000000,true
20230930,1,377,0.0414160000,2023-10-06 07:40:00.000000000,true
20230930,1,378,0.0413590000,2023-10-06 07:40:00.000000000,true
20230930,1,379,0.0413450000,2023-10-06 07:40:00.000000000,true
20230930,1,380,0.0405590000,2023-10-06 07:40:00.000000000,true
20230930,1,381,0.0405390000,2023-10-06 07:40:00.000000000,true
20230930,1,382,0.0405280000,2023-10-06 07:40:00.000000000,true
20230930,1,383,0.0403870000,2023-10-06 07:40:00.000000000,true
20230930,1,384,0.0396090000,2023-10-06 07:40:00.000000000,true
20230930,1,385,0.0390790000,2023-10-06 07:40:00.000000000,true
20230930,1,386,0.0387250000,2023-10-06 07:40:00.000000000,true
20230930,1,387,0.0386930000,2023-10-06 07:40:00.000000000,true
20230930,1,388,0.0386690000,2023-10-06 07:40:00.000000000,true
20230930,1,389,0.0386460000,2023-10-06 07:40:00.000000000,true
20230930,1,390,0.0385130000,2023-10-06 07:40:00.000000000,true
20230930,1,391,0.0383590000,2023-10-06 07:40:00.000000000,true
20230930,1,392,0.0381580000,2023-10-06 07:40:00.000000000,true
20230930,1,393,0.0379360000,2023-10-06 07:40:00.000000000,true
20230930,1,394,0.0379020000,2023-10-06 07:40:00.000000000,true
20230930,1,395,0.0376830000,2023-10-06 07:40:00.000000000,true
20230930,1,396,0.0373260000,2023-10-06 07:40:00.000000000,true
20230930,1,397,0.0372680000,2023-10-06 07:40:00.000000000,true
20230930,1,398,0.0372620000,2023-10-06 07:40:00.000000000,true
20230930,1,399,0.0370030000,2023-10-06 07:40:00.000000000,true
20230930,1,400,0.0367930000,2023-10-06 07:40:00.000000000,true
20230930,1,401,0.0365100000,2023-10-06 07:40:00.000000000,true
20230930,1,402,0.0364360000,2023-10-06 07:40:00.000000000,true
20230930,1,403,0.0363620000,2023-10-06 07:40:00.000000000,true
20230930,1,404,0.0362700000,2023-10-06 07:40:00.000000000,true
20230930,1,405,0.0361230000,2023-10-06 07:40:00.000000000,true
20230930,1,406,0.0359160000,2023-10-06 07:40:00.000000000,true
20230930,1,407,0.0355500000,2023-10-06 07:40:00.000000000,true
20230930,1,408,0.0352240000,2023-10-06 07:40:00.000000000,true
20230930,1,409,0.0347650000,2023-10-06 07:40:00.000000000,true
20230930,1,410,0.0345190000,2023-10-06 07:40:00.000000000,true
20230930,1,411,0.0343830000,2023-10-06 07:40:00.000000000,true
20230930,1,412,0.0339870000,2023-10-06 07:40:00.000000000,true
20230930,1,413,0.0338900000,2023-10-06 07:40:00.000000000,true
20230930,1,414,0.0338850000,2023-10-06 07:40:00.000000000,true
20230930,1,415,0.0338100000,2023-10-06 07:40:00.000000000,true
20230930,1,416,0.0335930000,2023-10-06 07:40:00.000000000,true
20230930,1,417,0.0334410000,2023-10-06 07:40:00.000000000,true
20230930,1,418,0.0333670000,2023-10-06 07:40:00.000000000,true
20230930,1,419,0.0333340000,2023-10-06 07:40:00.000000000,true
20230930,1,420,0.0330290000,2023-10-06 07:40:00.000000000,true
20230930,1,421,0.0329220000,2023-10-06 07:40:00.000000000,true
20230930,1,422,0.0329110000,2023-10-06 07:40:00.000000000,true
20230930,1,423,0.0325580000,2023-10-06 07:40:00.000000000,true
20230930,1,424,0.0323760000,2023-10-06 07:40:00.000000000,true
20230930,1,425,0.0318460000,2023-10-06 07:40:00.000000000,true
20230930,1,426,0.0313470000,2023-10-06 07:40:00.000000000,true
20230930,1,427,0.0312490000,2023-10-06 07:40:00.000000000,true
20230930,1,428,0.0309550000,2023-10-06 07:40:00.000000000,true
20230930,1,429,0.0307710000,2023-10-06 07:40:00.000000000,true
20230930,1,430,0.0303090000,2023-10-06 07:40:00.000000000,true
20230930,1,431,0.0302450000,2023-10-06 07:40:00.000000000,true
20230930,1,432,0.0301920000,2023-10-06 07:40:00.000000000,true
20230930,1,433,0.0300920000,2023-10-06 07:40:00.000000000,true
20230930,1,434,0.0297840000,2023-10-06 07:40:00.000000000,true
20230930,1,435,0.0296900000,2023-10-06 07:40:00.000000000,true
20230930,1,436,0.0295130000,2023-10-06 07:40:00.000000000,true
20230930,1,437,0.0294690000,2023-10-06 07:40:00.000000000,true
20230930,1,438,0.0293540000,2023-10-06 07:40:00.000000000,true
20230930,1,439,0.0291520000,2023-10-06 07:40:00.000000000,true
20230930,1,440,0.0288820000,2023-10-06 07:40:00.000000000,true
20230930,1,441,0.0281820000,2023-10-06 07:40:00.000000000,true
20230930,1,442,0.0280000000,2023-10-06 07:40:00.000000000,true
20230930,1,443,0.0278590000,2023-10-06 07:40:00.000000000,true
20230930,1,444,0.0276220000,2023-10-06 07:40:00.000000000,true
20230930,1,445,0.0272270000,2023-10-06 07:40:00.000000000,true
20230930,1,446,0.0271030000,2023-10-06 07:40:00.000000000,true
20230930,1,447,0.0271000000,2023-10-06 07:40:00.000000000,true
20230930,1,448,0.0269920000,2023-10-06 07:40:00.000000000,true
20230930,1,449,0.0268310000,2023-10-06 07:40:00.000000000,true
20230930,1,450,0.0268220000,2023-10-06 07:40:00.000000000,true
20230930,1,451,0.0265590000,2023-10-06 07:40:00.000000000,true
20230930,1,452,0.0264060000,2023-10-06 07:40:00.000000000,true
20230930,1,453,0.0263010000,2023-10-06 07:40:00.000000000,true
20230930,1,454,0.0260940000,2023-10-06 07:40:00.000000000,true
20230930,1,455,0.0258560000,2023-10-06 07:40:00.000000000,true
20230930,1,456,0.0258150000,2023-10-06 07:40:00.000000000,true
20230930,1,457,0.0258130000,2023-10-06 07:40:00.000000000,true
20230930,1,458,0.0257830000,2023-10-06 07:40:00.000000000,true
20230930,1,459,0.0257200000,2023-10-06 07:40:00.000000000,true
20230930,1,460,0.0254600000,2023-10-06 07:40:00.000000000,true
20230930,1,461,0.0247290000,2023-10-06 07:40:00.000000000,true
20230930,1,462,0.0243340000,2023-10-06 07:40:00.000000000,true
20230930,1,463,0.0240190000,2023-10-06 07:40:00.000000000,true
20230930,1,464,0.0239090000,2023-10-06 07:40:00.000000000,true
20230930,1,465,0.0232310000,2023-10-06 07:40:00.000000000,true
20230930,1,466,0.0230970000,2023-10-06 07:40:00.000000000,true
20230930,1,467,0.0227940000,2023-10-06 07:40:00.000000000,true
20230930,1,468,0.0225020000,2023-10-06 07:40:00.000000000,true
20230930,1,469,0.0223920000,2023-10-06 07:40:00.000000000,true
20230930,1,470,0.0223780000,2023-10-06 07:40:00.000000000,true
20230930,1,471,0.0221620000,2023-10-06 07:40:00.000000000,true
20230930,1,472,0.0220550000,2023-10-06 07:40:00.000000000,true
20230930,1,473,0.0219800000,2023-10-06 07:40:00.000000000,true
20230930,1,474,0.0219430000,2023-10-06 07:40:00.000000000,true
20230930,1,475,0.0218140000,2023-10-06 07:40:00.000000000,true
20230930,1,476,0.0215830000,2023-10-06 07:40:00.000000000,true
20230930,1,477,0.0215700000,2023-10-06 07:40:00.000000000,true
20230930,1,478,0.0215190000,2023-10-06 07:40:00.000000000,true
20230930,1,479,0.0214710000,2023-10-06 07:40:00.000000000,true
20230930,1,480,0.0211300000,2023-10-06 07:40:00.000000000,true
20230930,1,481,0.0207940000,2023-10-06 07:40:00.000000000,true
20230930,1,482,0.0207640000,2023-10-06 07:40:00.000000000,true
20230930,1,483,0.0197280000,2023-10-06 07:40:00.000000000,true
20230930,1,484,0.0196430000,2023-10-06 07:40:00.000000000,true
20230930,1,485,0.0195660000,2023-10-06 07:40:00.000000000,true
20230930,1,486,0.0190450000,2023-10-06 07:40:00.000000000,true
20230930,1,487,0.0189810000,2023-10-06 07:40:00.000000000,true
20230930,1,488,0.0180600000,2023-10-06 07:40:00.000000000,true
20230930,1,489,0.0179760000,2023-10-06 07:40:00.000000000,true
20230930,1,490,0.0177490000,2023-10-06 07:40:00.000000000,true
20230930,1,491,0.0173330000,2023-10-06 07:40:00.000000000,true
20230930,1,492,0.0159650000,2023-10-06 07:40:00.000000000,true
20230930,1,493,0.0153710000,2023-10-06 07:40:00.000000000,true
20230930,1,494,0.0145430000,2023-10-06 07:40:00.000000000,true
20230930,1,495,0.0140360000,2023-10-06 07:40:00.000000000,true
20230930,1,496,0.0140200000,2023-10-06 07:40:00.000000000,true
20230930,1,497,0.0130670000,2023-10-06 07:40:00.000000000,true
20230930,1,498,0.0128880000,2023-10-06 07:40:00.000000000,true
20230930,1,499,0.0125000000,2023-10-06 07:40:00.000000000,true
20230930,1,500,0.0117080000,2023-10-06 07:40:00.000000000,true
20230930,1,501,0.0114990000,2023-10-06 07:40:00.000000000,true
20230930,1,502,0.0103560000,2023-10-06 07:40:00.000000000,true
20230930,1,503,0.0066480000,2023-10-06 07:40:00.000000000,true
20230930,1,504,0.0020200000,2023-10-06 07:40:00.000000000,true
20230930,2,505,0.4171295290,2023-10-06 14:31:00.000000000,true
20230930,2,506,0.9150579070,2023-10-06 14:31:00.000000000,true
20230930,2,507,0.5218735360,2023-10-06 14:31:00.000000000,true
20230930,2,508,1.0136105630,2023-10-06 14:31:00.000000000,true
20230930,2,509,0.7816848450,2023-10-06 14:31:00.000000000,true
20230930,2,510,0.2850647510,2023-10-06 14:31:00.000000000,true
20230930,2,511,1.9414259430,2023-10-06 14:31:00.000000000,true
20230930,2,512,1.0433460720,2023-10-06 14:31:00.000000000,true
20230930,2,513,0.5645109530,2023-10-06 14:31:00.000000000,true
20230930,2,514,0.4271347420,2023-10-06 14:31:00.000000000,true
20230930,2,515,0.4398352010,2023-10-06 14:31:00.000000000,true
20230930,2,516,0.2633841930,2023-10-06 14:31:00.000000000,true
20230930,2,517,0.6912433940,2023-10-06 14:31:00.000000000,true
20230930,2,518,1.6002099150,2023-10-06 14:31:00.000000000,true
20230930,2,519,1.0945006340,2023-10-06 14:31:00.000000000,true
20230930,2,520,0.0497740610,2023-10-06 14:31:00.000000000,true
20230930,2,521,2.3209626620,2023-10-06 14:31:00.000000000,true
20230930,2,522,0.4758950930,2023-10-06 14:31:00.000000000,true
20230930,2,523,1.1673904880,2023-10-06 14:31:00.000000000,true
20230930,2,524,0.7568928380,2023-10-06 14:31:00.000000000,true
20230930,2,525,2.9670041440,2023-10-06 14:31:00.000000000,true
20230930,2,526,0.9109787390,2023-10-06 14:31:00.000000000,true
20230930,2,527,0.5307905390,2023-10-06 14:31:00.000000000,true
20230930,2,528,2.4570556760,2023-10-06 14:31:00.000000000,true
20230930,2,529,1.5870757690,2023-10-06 14:31:00.000000000,true
20230930,2,530,0.2493340200,2023-10-06 14:31:00.000000000,true
20230930,2,531,0.6491008590,2023-10-06 14:31:00.000000000,true
20230930,2,532,0.4212394850,2023-10-06 14:31:00.000000000,true
20230930,2,533,0.4005593340,2023-10-06 14:31:00.000000000,true
20230930,2,534,0.8905916400,2023-10-06 14:31:00.000000000,true
20230930,2,535,0.6526110260,2023-10-06 14:31:00.000000000,true
20230930,2,536,0.1927194090,2023-10-06 14:31:00.000000000,true
20230930,2,537,1.0426972520,2023-10-06 14:31:00.000000000,true
20230930,2,538,2.1228888700,2023-10-06 14:31:00.000000000,true
20230930,2,539,1.2233878280,2023-10-06 14:31:00.000000000,true
20230930,2,540,1.0674550500,2023-10-06 14:31:00.000000000,true
20230930,2,541,1.3373441710,2023-10-06 14:31:00.000000000,true
20230930,2,542,0.4037730280,2023-10-06 14:31:00.000000000,true
20230930,2,543,0.4566262300,2023-10-06 14:31:00.000000000,true
20230930,2,544,0.6195907450,2023-10-06 14:31:00.000000000,true
20230930,2,545,0.4472538740,2023-10-06 14:31:00.000000000,true
20230930,2,546,1.2029285110,2023-10-06 14:31:00.000000000,true
20230930,2,547,0.5842005790,2023-10-06 14:31:00.000000000,true
20230930,2,548,1.6821881950,2023-10-06 14:31:00.000000000,true
20230930,2,549,1.6839267450,2023-10-06 14:31:00.000000000,true
20230930,2,550,0.8923659190,2023-10-06 14:31:00.000000000,true
20230930,2,551,0.8832444250,2023-10-06 14:31:00.000000000,true
20230930,2,552,0.1033357580,2023-10-06 14:31:00.000000000,true
20230930,2,553,0.8865968530,2023-10-06 14:31:00.000000000,true
20230930,2,554,0.5413700740,2023-10-06 14:31:00.000000000,true
20230930,2,555,1.2284491580,2023-10-06 14:31:00.000000000,true
20230930,2,556,1.4032330740,2023-10-06 14:31:00.000000000,true
20230930,2,557,0.7400060250,2023-10-06 14:31:00.000000000,true
20230930,2,558,0.7964267890,2023-10-06 14:31:00.000000000,true
20230930,2,559,1.3548577590,2023-10-06 14:31:00.000000000,true
20230930,2,560,0.7192909050,2023-10-06 14:31:00.000000000,true
20230930,2,561,0.7029080960,2023-10-06 14:31:00.000000000,true
20230930,2,562,0.9866660840,2023-10-06 14:31:00.000000000,true
20230930,2,563,1.4318488270,2023-10-06 14:31:00.000000000,true
20230930,2,564,0.6157536970,2023-10-06 14:31:00.000000000,true
20230930,2,565,0.7320031470,2023-10-06 14:31:00.000000000,true
20230930,2,566,1.1886939930,2023-10-06 14:31:00.000000000,true
20230930,2,567,1.3809884570,2023-10-06 14:31:00.000000000,true
20230930,2,568,0.2524648540,2023-10-06 14:31:00.000000000,true
20230930,2,569,0.3881333030,2023-10-06 14:31:00.000000000,true
20230930,2,570,0.7590361880,2023-10-06 14:31:00.000000000,true
20230930,2,571,1.2953662160,2023-10-06 14:31:00.000000000,true
20230930,2,572,0.9755631600,2023-10-06 14:31:00.000000000,true
20230930,2,573,0.8325946270,2023-10-06 14:31:00.000000000,true
20230930,2,574,0.7844739750,2023-10-06 14:31:00.000000000,true
20230930,2,575,0.9711172020,2023-10-06 14:31:00.000000000,true
20230930,2,576,0.9395180920,2023-10-06 14:31:00.000000000,true
20230930,2,577,0.1769702160,2023-10-06 14:31:00.000000000,true
20230930,2,578,1.1121731020,2023-10-06 14:31:00.000000000,true
20230930,2,579,0.0127069200,2023-10-06 14:31:00.000000000,true
20230930,2,580,0.7965974510,2023-10-06 14:31:00.000000000,true
20230930,2,581,1.2452424690,2023-10-06 14:31:00.000000000,true
20230930,2,582,0.7300813920,2023-10-06 14:31:00.000000000,true
20230930,2,583,0.5450972750,2023-10-06 14:31:00.000000000,true
20230930,2,584,0.7228193170,2023-10-06 14:31:00.000000000,true
20230930,2,585,0.8771306140,2023-10-06 14:31:00.000000000,true
20230930,2,586,0.4661110950,2023-10-06 14:31:00.000000000,true
20230930,2,587,0.4275444830,2023-10-06 14:31:00.000000000,true
20230930,2,588,1.1980663500,2023-10-06 14:31:00.000000000,true
20230930,2,589,0.3668427210,2023-10-06 14:31:00.000000000,true
20230930,2,590,1.1146752600,2023-10-06 14:31:00.000000000,true
20230930,2,591,1.6669601120,2023-10-06 14:31:00.000000000,true
20230930,2,592,1.0899212630,2023-10-06 14:31:00.000000000,true
20230930,2,593,0.4111422900,2023-10-06 14:31:00.000000000,true
20230930,2,594,1.5093184320,2023-10-06 14:31:00.000000000,true
20230930,2,595,0.6428517340,2023-10-06 14:31:00.000000000,true
20230930,2,596,1.5653701250,2023-10-06 14:31:00.000000000,true
20230930,2,597,0.5225599850,2023-10-06 14:31:00.000000000,true
20230930,2,598,0.8831315370,2023-10-06 14:31:00.000000000,true
20230930,2,599,1.0467627370,2023-10-06 14:31:00.000000000,true
20230930,2,600,1.3231731280,2023-10-06 14:31:00.000000000,true
20230930,2,601,1.5056455850,2023-10-06 14:31:00.000000000,true
20230930,2,602,0.6750597540,2023-10-06 14:31:00.000000000,true
20230930,2,603,0.3334993610,2023-10-06 14:31:00.000000000,true
20230930,2,604,1.1513558460,2023-10-06 14:31:00.000000000,true
20230930,2,605,0.0604170710,2023-10-06 14:31:00.000000000,true
20230930,2,606,1.2247386810,2023-10-06 14:31:00.000000000,true
20230930,2,607,0.3266660320,2023-10-06 14:31:00.000000000,true
20230930,2,608,3.3015347000,2023-10-06 14:31:00.000000000,true
20230930,2,609,3.5689015170,2023-10-06 14:31:00.000000000,true
20230930,2,610,0.7268673180,2023-10-06 14:31:00.000000000,true
20230930,2,611,0.3315084290,2023-10-06 14:31:00.000000000,true
20230930,3,505,0.4171295290,2023-10-06 14:31:00.000000000,true
20230930,3,506,0.9150579070,2023-10-06 14:31:00.000000000,true
20230930,3,507,0.5218735360,2023-10-06 14:31:00.000000000,true
20230930,3,508,1.0136105630,2023-10-06 14:31:00.000000000,true
20230930,3,509,0.7816848450,2023-10-06 14:31:00.000000000,true
20230930,3,510,0.2850647510,2023-10-06 14:31:00.000000000,true
20230930,3,511,1.9414259430,2023-10-06 14:31:00.000000000,true
20230930,3,512,1.0433460720,2023-10-06 14:31:00.000000000,true
20230930,3,513,0.5645109530,2023-10-06 14:31:00.000000000,true
20230930,3,514,0.4271347420,2023-10-06 14:31:00.000000000,true
20230930,3,515,0.4398352010,2023-10-06 14:31:00.000000000,true
20230930,3,516,0.2633841930,2023-10-06 14:31:00.000000000,true
20230930,3,517,0.6912433940,2023-10-06 14:31:00.000000000,true
20230930,3,518,1.6002099150,2023-10-06 14:31:00.000000000,true
20230930,3,519,1.0945006340,2023-10-06 14:31:00.000000000,true
20230930,3,520,0.0497740610,2023-10-06 14:31:00.000000000,true
20230930,3,521,2.3209626620,2023-10-06 14:31:00.000000000,true
20230930,3,522,0.4758950930,2023-10-06 14:31:00.000000000,true
20230930,3,523,1.1673904880,2023-10-06 14:31:00.000000000,true
20230930,3,524,0.7568928380,2023-10-06 14:31:00.000000000,true
20230930,3,525,2.9670041440,2023-10-06 14:31:00.000000000,true
20230930,3,526,0.9109787390,2023-10-06 14:31:00.000000000,true
20230930,3,527,0.5307905390,2023-10-06 14:31:00.000000000,true
20230930,3,528,2.4570556760,2023-10-06 14:31:00.000000000,true
20230930,3,529,1.5870757690,2023-10-06 14:31:00.000000000,true
20230930,3,530,0.2493340200,2023-10-06 14:31:00.000000000,true
20230930,3,531,0.6491008590,2023-10-06 14:31:00.000000000,true
20230930,3,532,0.4212394850,2023-10-06 14:31:00.000000000,true
20230930,3,533,0.4005593340,2023-10-06 14:31:00.000000000,true
20230930,3,534,0.8905916400,2023-10-06 14:31:00.000000000,true
20230930,3,535,0.6526110260,2023-10-06 14:31:00.000000000,true
20230930,3,536,0.1927194090,2023-10-06 14:31:00.000000000,true
20230930,3,537,1.0426972520,2023-10-06 14:31:00.000000000,true
20230930,3,538,2.1228888700,2023-10-06 14:31:00.000000000,true
20230930,3,539,1.2233878280,2023-10-06 14:31:00.000000000,true
20230930,3,540,1.0674550500,2023-10-06 14:31:00.000000000,true
20230930,3,541,1.3373441710,2023-10-06 14:31:00.000000000,true
20230930,3,542,0.4037730280,2023-10-06 14:31:00.000000000,true
20230930,3,543,0.4566262300,2023-10-06 14:31:00.000000000,true
20230930,3,544,0.6195907450,2023-10-06 14:31:00.000000000,true
20230930,3,545,0.4472538740,2023-10-06 14:31:00.000000000,true
20230930,3,546,1.2029285110,2023-10-06 14:31:00.000000000,true
20230930,3,547,0.5842005790,2023-10-06 14:31:00.000000000,true
20230930,3,548,1.6821881950,2023-10-06 14:31:00.000000000,true
20230930,3,549,1.6839267450,2023-10-06 14:31:00.000000000,true
20230930,3,550,0.8923659190,2023-10-06 14:31:00.000000000,true
20230930,3,551,0.8832444250,2023-10-06 14:31:00.000000000,true
20230930,3,552,0.1033357580,2023-10-06 14:31:00.000000000,true
20230930,3,553,0.8865968530,2023-10-06 14:31:00.000000000,true
20230930,3,554,0.5413700740,2023-10-06 14:31:00.000000000,true
20230930,3,555,1.2284491580,2023-10-06 14:31:00.000000000,true
20230930,3,556,1.4032330740,2023-10-06 14:31:00.000000000,true
20230930,3,557,0.7400060250,2023-10-06 14:31:00.000000000,true
20230930,3,558,0.7964267890,2023-10-06 14:31:00.000000000,true
20230930,3,559,1.3548577590,2023-10-06 14:31:00.000000000,true
20230930,3,560,0.7192909050,2023-10-06 14:31:00.000000000,true
20230930,3,561,0.7029080960,2023-10-06 14:31:00.000000000,true
20230930,3,562,0.9866660840,2023-10-06 14:31:00.000000000,true
20230930,3,563,1.4318488270,2023-10-06 14:31:00.000000000,true
20230930,3,564,0.6157536970,2023-10-06 14:31:00.000000000,true
20230930,3,565,0.7320031470,2023-10-06 14:31:00.000000000,true
20230930,3,566,1.1886939930,2023-10-06 14:31:00.000000000,true
20230930,3,567,1.3809884570,2023-10-06 14:31:00.000000000,true
20230930,3,568,0.2524648540,2023-10-06 14:31:00.000000000,true
20230930,3,569,0.3881333030,2023-10-06 14:31:00.000000000,true
20230930,3,570,0.7590361880,2023-10-06 14:31:00.000000000,true
20230930,3,571,1.2953662160,2023-10-06 14:31:00.000000000,true
20230930,3,572,0.9755631600,2023-10-06 14:31:00.000000000,true
20230930,3,573,0.8325946270,2023-10-06 14:31:00.000000000,true
20230930,3,574,0.7844739750,2023-10-06 14:31:00.000000000,true
20230930,3,575,0.9711172020,2023-10-06 14:31:00.000000000,true
20230930,3,576,0.9395180920,2023-10-06 14:31:00.000000000,true
20230930,3,577,0.1769702160,2023-10-06 14:31:00.000000000,true
20230930,3,578,1.1121731020,2023-10-06 14:31:00.000000000,true
20230930,3,579,0.0127069200,2023-10-06 14:31:00.000000000,true
20230930,3,580,0.7965974510,2023-10-06 14:31:00.000000000,true
20230930,3,581,1.2452424690,2023-10-06 14:31:00.000000000,true
20230930,3,582,0.7300813920,2023-10-06 14:31:00.000000000,true
20230930,3,583,0.5450972750,2023-10-06 14:31:00.000000000,true
20230930,3,584,0.7228193170,2023-10-06 14:31:00.000000000,true
20230930,3,585,0.8771306140,2023-10-06 14:31:00.000000000,true
20230930,3,586,0.4661110950,2023-10-06 14:31:00.000000000,true
20230930,3,587,0.4275444830,2023-10-06 14:31:00.000000000,true
20230930,3,588,1.1980663500,2023-10-06 14:31:00.000000000,true
20230930,3,589,0.3668427210,2023-10-06 14:31:00.000000000,true
20230930,3,590,1.1146752600,2023-10-06 14:31:00.000000000,true
20230930,3,591,1.6669601120,2023-10-06 14:31:00.000000000,true
20230930,3,592,1.0899212630,2023-10-06 14:31:00.000000000,true
20230930,3,593,0.4111422900,2023-10-06 14:31:00.000000000,true
20230930,3,594,1.5093184320,2023-10-06 14:31:00.000000000,true
20230930,3,595,0.6428517340,2023-10-06 14:31:00.000000000,true
20230930,3,596,1.5653701250,2023-10-06 14:31:00.000000000,true
20230930,3,597,0.5225599850,2023-10-06 14:31:00.000000000,true
20230930,3,598,0.8831315370,2023-10-06 14:31:00.000000000,true
20230930,3,599,1.0467627370,2023-10-06 14:31:00.000000000,true
20230930,3,600,1.3231731280,2023-10-06 14:31:00.000000000,true
20230930,3,601,1.5056455850,2023-10-06 14:31:00.000000000,true
20230930,3,602,0.6750597540,2023-10-06 14:31:00.000000000,true
20230930,3,603,0.3334993610,2023-10-06 14:31:00.000000000,true
20230930,3,604,1.1513558460,2023-10-06 14:31:00.000000000,true
20230930,3,605,0.0604170710,2023-10-06 14:31:00.000000000,true
20230930,3,606,1.2247386810,2023-10-06 14:31:00.000000000,true
20230930,3,607,0.3266660320,2023-10-06 14:31:00.000000000,true
20230930,3,608,3.3015347000,2023-10-06 14:31:00.000000000,true
20230930,3,609,3.5689015170,2023-10-06 14:31:00.000000000,true
20230930,3,610,0.7268673180,2023-10-06 14:31:00.000000000,true
20230930,3,611,0.3315084290,2023-10-06 14:31:00.000000000,true
